,attribute,Data Smell Type,Total Element Count,Faulty Element Count,Faulty Element Overview,name,Disparate Impact,Statistical Parity Difference,Consistency
0,age,Extreme Value Smell,48842,186,"[80, 90, 80, 81, 82, 83, 81, 85, 80, 90, 81, 84, 81, 89, 81, 83, 81, 82, 80, 90]",adult income,0.2815483619443825,-0.2152289847451598,0.7727570533557097
4,Age,Extreme Value Smell,1000,7,"[70, 74, 75, 74, 75, 74, 74]",german credit,0.8212484098784929,-0.1285499096996032,0.6656000000000012
8,age,Extreme Value Smell,45211,381,"[83, 75, 75, 83, 75, 76, 83, 85, 90, 82, 73, 74, 75, 78, 85, 80, 78, 73, 75, 94]",bank marketing,2.8407985163535634,0.191072882990395,0.8792462011457426
11,EDUCATION,Extreme Value Smell,30000,331,"[5, 5, 5, 6, 6, 6, 5, 5, 5, 6, 5, 5, 6, 5, 5, 5, 5, 5, 5, 5]",credit card,0.8721905374378761,-0.0303353891897271,0.7464600000000351
18,age,Extreme Value Smell,395,2,"[22, 21]",student mat,0.7650591768238827,-0.16876030960538,0.7473417721518982
21,age,Extreme Value Smell,649,3,"[22, 21, 21]",student por,1.5847442523614328,0.0774661189025829,0.8835130970724189
25,racetxt,Extreme Value Smell,18692,1201,"[0, 0, 0, 0, 0, 0, 0, 0, 0, 0, 0, 0, 0, 0, 0, 0, 0, 0, 0, 0]",law school,0.6706133246910517,-0.3034553133570632,0.8940830301733322
27,age,Extreme Value Smell,1000,7,"[70, 74, 75, 74, 75, 74, 74]",credit-g,0.8212484098784929,-0.1285499096996032,0.6810000000000014
33,importance_same_race,Missing Value Smell,8378,79,"[nan, nan, nan, nan, nan, nan, nan, nan, nan, nan, nan, nan, nan, nan, nan, nan, nan, nan, nan, nan]",speed dating,0.9925814295989316,-0.0012251223614054,0.7956314156123101
